Name;Email;Last Changed
C=3PO;c3po@gmail.com;16.12.2019 17:10
BB-8;bb8@gmail.com;16.12.2019 17:20
Chewie;chewbacca@gmail.com;10.02.2019 22:45
Ben Solo;supreme_leader@gmail.com;21.12.2019 12:25
C-3PO;c3po@gmail.com;16.12.2019 17:24
R2D2;r2d2@gmail.com;23.10.2018 5:10
Cara Dune;shocktrooper@gmail.com;11.10.2019 14:05
D-O;do@gmail.com;15.12.2019 22:45
Chewbacca;chewbacca@gmail.com;18.11.2018 12:15
Carasynthia Dune;shocktrooper@gmail.com;21.08.2019 19:15
DO;do@gmail.com;11.12.2019 11:12
Kuiil;i_have_spoken@gmail.com;20.04.2015 21:56
C3PO;c3po@gmail.com;16.12.2019 17:15
Kylo Ren;supreme_leader@gmail.com;16.12.2019 17:10
Mandalorian;mandalorian176@gmail.com;10.11.2019 12:11
dio;do@gmail.com;14.12.2019 17:26
