Name;Email;Last Changed
Kuiil;i_have_spoken@gmail.com;20.04.2015 21:56
R2D2;r2d2@gmail.com;23.10.2018 5:10
Chewie;chewbacca@gmail.com;10.02.2019 22:45
Cara Dune;shocktrooper@gmail.com;11.10.2019 14:05
Mandalorian;mandalorian176@gmail.com;10.11.2019 12:11
D-O;do@gmail.com;15.12.2019 22:45
C-3PO;c3po@gmail.com;16.12.2019 17:24
Ben Solo;supreme_leader@gmail.com;21.12.2019 12:25
BB-8;bb8@gmail.com;16.12.2019 17:20
